bucket,count,node_overlap_jaccard,edge_overlap_jaccard,a_target_top3_concentration,b_target_top3_concentration,delta_target_top3_concentration,a_target_error_ratio,b_target_error_ratio,delta_target_error_ratio,a_traced_max_depth,b_traced_max_depth,delta_traced_max_depth,a_traced_nodes,b_traced_nodes,delta_traced_nodes,a_traced_edges,b_traced_edges,delta_traced_edges
paper2_gemma_case,1,0.39473684210526316,0.2857142857142857,0.08578767892693065,0.07364952339224891,0.012138155534681741,0.8028324201975348,0.831557134203716,-0.028724714006181262,4.0,4.0,0.0,28.0,25.0,3.0,61.0,47.0,14.0
__all__,1,0.39473684210526316,0.2857142857142857,0.08578767892693065,0.07364952339224891,0.012138155534681741,0.8028324201975348,0.831557134203716,-0.028724714006181262,4.0,4.0,0.0,28.0,25.0,3.0,61.0,47.0,14.0
