bucket,count,node_overlap_jaccard,edge_overlap_jaccard,a_target_top3_concentration,b_target_top3_concentration,delta_target_top3_concentration,a_target_error_ratio,b_target_error_ratio,delta_target_error_ratio,a_traced_max_depth,b_traced_max_depth,delta_traced_max_depth,a_traced_nodes,b_traced_nodes,delta_traced_nodes,a_traced_edges,b_traced_edges,delta_traced_edges
paper2_gemma_case,1,0.6363636363636364,0.375,0.09366219886646558,0.07364498588549731,0.02001721298096827,0.8413729605527067,0.8315675943521535,0.009805366200553167,3.0,4.0,-1.0,29.0,25.0,4.0,37.0,47.0,-10.0
__all__,1,0.6363636363636364,0.375,0.09366219886646558,0.07364498588549731,0.02001721298096827,0.8413729605527067,0.8315675943521535,0.009805366200553167,3.0,4.0,-1.0,29.0,25.0,4.0,37.0,47.0,-10.0
