bucket,count,node_overlap_jaccard,edge_overlap_jaccard,a_target_top3_concentration,b_target_top3_concentration,delta_target_top3_concentration,a_target_error_ratio,b_target_error_ratio,delta_target_error_ratio,a_traced_max_depth,b_traced_max_depth,delta_traced_max_depth,a_traced_nodes,b_traced_nodes,delta_traced_nodes,a_traced_edges,b_traced_edges,delta_traced_edges
paper2_gemma_case,1,0.23255813953488372,0.02247191011235955,0.06827407136301968,0.07348980383416025,-0.005215732471140572,0.8235703428789759,0.8315361239902865,-0.007965781111310632,4.0,4.0,0.0,28.0,25.0,3.0,53.0,47.0,6.0
__all__,1,0.23255813953488372,0.02247191011235955,0.06827407136301968,0.07348980383416025,-0.005215732471140572,0.8235703428789759,0.8315361239902865,-0.007965781111310632,4.0,4.0,0.0,28.0,25.0,3.0,53.0,47.0,6.0
