clean_feature_ratio,clean_target_total_in_abs,clean_traced_total_path_mass,condition,condition_feature_ratio,condition_target_total_in_abs,condition_traced_total_path_mass,edge_overlap_jaccard,intervention_delta_target_logit_mean_clean_run,intervention_rows,node_overlap_jaccard,route_path_mass_delta_condition_minus_clean,route_total_in_abs_delta_condition_minus_clean,sample_compare_rows,sample_id,status
0.08419956962890758,46.265174865722656,0.2051762576117473,mask_A,0.09706370123235655,37.205753326416016,0.23702236056897205,0.375,0.25,2,0.6363636363636364,0.03184610295722476,-9.05942153930664,1,okvqa_val_1295955,pass
0.08422540364411718,46.25098419189453,0.20512431491857488,mask_B,0.07514745023736683,41.22104263305664,0.169276278100162,0.05063291139240506,0.25,2,0.2894736842105263,-0.03584803681841289,-5.029941558837891,1,okvqa_val_1295955,pass
0.0842281963336241,46.24945068359375,0.20508863336693878,mask_A_union_B,0.13869637958671166,41.34480667114258,0.27031674565088537,0.2857142857142857,0.25,2,0.39473684210526316,0.0652281122839466,-4.904644012451172,1,okvqa_val_1295955,pass
0.08423874353289232,46.24365997314453,0.20511132212163233,random_union_size,0.08901799721683457,50.74904251098633,0.19409106402663953,0.02247191011235955,0.25,1,0.23255813953488372,-0.011020258094992796,4.505382537841797,1,okvqa_val_1295955,pass
