bucket,count,node_overlap_jaccard,edge_overlap_jaccard,a_target_top3_concentration,b_target_top3_concentration,delta_target_top3_concentration,a_target_error_ratio,b_target_error_ratio,delta_target_error_ratio,a_traced_max_depth,b_traced_max_depth,delta_traced_max_depth,a_traced_nodes,b_traced_nodes,delta_traced_nodes,a_traced_edges,b_traced_edges,delta_traced_edges
paper2_gemma_case,1,0.23255813953488372,0.022222222222222223,0.06817815305847473,0.07363948938730633,-0.005461336328831598,0.8236193582838353,0.831580082845745,-0.007960724561909771,4.0,4.0,0.0,28.0,25.0,3.0,53.0,47.0,6.0
__all__,1,0.23255813953488372,0.022222222222222223,0.06817815305847473,0.07363948938730633,-0.005461336328831598,0.8236193582838353,0.831580082845745,-0.007960724561909771,4.0,4.0,0.0,28.0,25.0,3.0,53.0,47.0,6.0
