bucket,count,node_overlap_jaccard,edge_overlap_jaccard,a_target_top3_concentration,b_target_top3_concentration,delta_target_top3_concentration,a_target_error_ratio,b_target_error_ratio,delta_target_error_ratio,a_traced_max_depth,b_traced_max_depth,delta_traced_max_depth,a_traced_nodes,b_traced_nodes,delta_traced_nodes,a_traced_edges,b_traced_edges,delta_traced_edges
paper2_gemma_case,1,0.2894736842105263,0.05063291139240506,0.04681316572163834,0.07364708145166225,-0.02683391573002391,0.8276331642243011,0.8315627191342297,-0.003929554909928634,4.0,4.0,0.0,24.0,25.0,-1.0,61.0,47.0,14.0
__all__,1,0.2894736842105263,0.05063291139240506,0.04681316572163834,0.07364708145166225,-0.02683391573002391,0.8276331642243011,0.8315627191342297,-0.003929554909928634,4.0,4.0,0.0,24.0,25.0,-1.0,61.0,47.0,14.0
