clean_feature_ratio,clean_target_total_in_abs,clean_traced_total_path_mass,condition,condition_feature_ratio,condition_target_total_in_abs,condition_traced_total_path_mass,edge_overlap_jaccard,intervention_delta_target_logit_mean_clean_run,intervention_rows,node_overlap_jaccard,route_path_mass_delta_condition_minus_clean,route_total_in_abs_delta_condition_minus_clean,sample_compare_rows,sample_id,status
0.08422300708063325,46.25230026245117,0.20516010150541483,mask_A,0.09707477898211594,37.201507568359375,0.2371081506714347,0.375,0.25,2,0.6363636363636364,0.03194804916601987,-9.050792694091797,1,okvqa_val_1295955,pass
0.08421167908613228,46.258522033691406,0.2052073012697542,mask_B,0.07515260375000417,41.21821594238281,0.1692428705984028,0.05,0.25,2,0.2894736842105263,-0.03596443067135141,-5.040306091308594,1,okvqa_val_1295955,pass
0.08422093016926428,46.253440856933594,0.2050583601268148,mask_A_union_B,0.13863325570577323,41.36363220214844,0.27037873443487953,0.2857142857142857,0.25,2,0.39473684210526316,0.06532037430806473,-4.889808654785156,1,okvqa_val_1295955,pass
0.08421672109115969,46.25575256347656,0.205065554433817,random_union_size,0.08899326637937474,50.763145446777344,0.19392844240831264,0.022222222222222223,0.25,1,0.23255813953488372,-0.011137112025504353,4.507392883300781,1,okvqa_val_1295955,pass
