{
  "created_at": "2026-06-03 11:28:01",
  "tag": "paper2_stage2_hidden_expanded_v1",
  "status": "paper2_stage2_hidden_smoke_ready",
  "raw_rows": 1216,
  "target_restore_rows": 304,
  "models": {
    "gemma": {
      "target_rows": 64,
      "samples": [
        "okvqa_val_00893",
        "okvqa_val_02108",
        "okvqa_val_1295955",
        "okvqa_val_258605"
      ],
      "target_effect_mean": 2.8792190551757812,
      "target_positive_frac": 0.609375,
      "target_minus_wrong_mean": 4.844062805175781,
      "real_minus_control_mean": 0.2103118896484375
    },
    "qwen": {
      "target_rows": 240,
      "samples": [
        "okvqa_val_00310",
        "okvqa_val_00893",
        "okvqa_val_02108",
        "okvqa_val_1295955",
        "okvqa_val_258605"
      ],
      "target_effect_mean": 0.64609375,
      "target_positive_frac": 0.6458333333333334,
      "target_minus_wrong_mean": -0.48020833333333335,
      "real_minus_control_mean": 0.42135416666666664
    }
  }
}